ID,Label,Type,Description,Tags,Human_or_AI,Governance_Layer,Layer_Order,Scenario_Start,Scenario_Start_Order,Scenario_End,Scenario_End_Order,Mission_Function,Location_Name,Latitude,Longitude,Criticality,Default_Status
N001,Mission Commander,Human,Human mission authority responsible for final mission-level decisions and escalation outcomes.,human|governance|command,Human,Human Governance,1,Traditional Automation,1,Autonomous AI Ecosystem,5,Mission Command,Central Governance Hub,38.5,-98.5,High,Active
N002,Human Governance Authority,Human,"Human governance role responsible for oversight rules, accountability, and authority boundaries.",human|governance|oversight,Human,Human Governance,1,Traditional Automation,1,Autonomous AI Ecosystem,5,Governance Oversight,Central Governance Hub,38.55,-98.45,High,Active
N003,Policy and Compliance Authority,Human,"Human policy role responsible for policy interpretation, compliance expectations, and governance constraints.",human|policy|compliance,Human,Human Governance,1,Traditional Automation,1,Autonomous AI Ecosystem,5,Policy and Compliance,Central Governance Hub,38.45,-98.45,High,Active
N004,Human Analyst,Human,"Human analyst who interprets model outputs, compares evidence, and advises mission leadership.",human|analysis|decision-support,Human,Human Governance,1,Traditional Automation,1,Autonomous AI Ecosystem,5,Analysis,East Analysis Hub,38.3,-97.7,High,Active
N005,Human Operator,Human,Human operator who directly controls or monitors operational automation in lower-autonomy scenarios.,human|operations|control,Human,Human Governance,1,Traditional Automation,1,Autonomous AI Ecosystem,5,Operations,South Operations Hub,37.7,-98.4,High,Active
N006,Supervisory AI,SupervisoryAI,AI layer that coordinates lower-level autonomous systems and returns exceptions to human governance.,ai|supervision|governance,AI,Supervisory and Assurance AI,2,Multi-Agent AI,4,Autonomous AI Ecosystem,5,Supervision,Central AI Coordination Hub,38.0,-98.0,High,Active
N007,Assurance AI,AssuranceAI,"Independent AI layer that checks supervisory behavior, assurance conditions, and unresolved risk.",ai|assurance|monitoring,AI,Supervisory and Assurance AI,2,Autonomous AI Ecosystem,5,Autonomous AI Ecosystem,5,Assurance,Central AI Coordination Hub,38.05,-97.95,High,Monitoring
N008,Policy AI,PolicyAI,AI layer that applies machine-readable policy constraints to supervisory decisions.,ai|policy|governance,AI,Supervisory and Assurance AI,2,Autonomous AI Ecosystem,5,Autonomous AI Ecosystem,5,Policy Enforcement,Central AI Coordination Hub,37.95,-97.95,High,Active
N009,Validation AI,ValidationAI,AI service that validates generated or agent-produced outputs before downstream use.,ai|validation|quality,AI,Supervisory and Assurance AI,2,Generative AI,2,Autonomous AI Ecosystem,5,Validation,East Analysis Hub,38.25,-97.75,High,Monitoring
N010,Mission Agent,Agent,Agentic system that converts mission intent into delegated tasks and manages mission-level execution.,ai|agent|mission,AI,Agentic AI Systems,3,Agentic AI,3,Autonomous AI Ecosystem,5,Mission Management,Central AI Coordination Hub,38.0,-98.1,High,Active
N011,Planning Agent,Agent,Agentic system that produces plans and issues tasks to operational models and automation.,ai|agent|planning,AI,Agentic AI Systems,3,Agentic AI,3,Autonomous AI Ecosystem,5,Planning,West Planning Hub,38.2,-98.9,High,Active
N012,Collection Agent,Agent,Agentic system that coordinates collection requests and ingests sensor information.,ai|agent|collection,AI,Agentic AI Systems,3,Multi-Agent AI,4,Autonomous AI Ecosystem,5,Collection,North Sensor Coordination Hub,39.1,-98.1,Medium,Active
N013,Analysis Agent,Agent,Agentic system that analyzes collected information and shares findings with planning functions.,ai|agent|analysis,AI,Agentic AI Systems,3,Multi-Agent AI,4,Autonomous AI Ecosystem,5,Analysis,East Analysis Hub,38.2,-97.6,High,Active
N014,Logistics Agent,Agent,Agentic system that coordinates resource and logistics decisions with operational models.,ai|agent|logistics,AI,Agentic AI Systems,3,Multi-Agent AI,4,Autonomous AI Ecosystem,5,Logistics,South Logistics Hub,37.4,-98.0,Medium,Active
N015,Coordination Agent,Agent,Multi-agent coordinator that synchronizes specialized agents and reduces conflicting actions.,ai|agent|coordination,AI,Agentic AI Systems,3,Multi-Agent AI,4,Autonomous AI Ecosystem,5,Coordination,Central AI Coordination Hub,38.0,-97.9,High,Active
N016,Generative AI System,GenerativeAI,Generative AI system that synthesizes information and recommends options to human or agent users.,ai|generative|recommendation,AI,Operational Models and Automation,4,Generative AI,2,Autonomous AI Ecosystem,5,Information Synthesis,East Analysis Hub,38.15,-97.65,Medium,Active
N017,Decision Support Model,Model,Traditional analytical model that combines available data and produces decision-support outputs.,model|decision-support|analysis,System,Operational Models and Automation,4,Traditional Automation,1,Autonomous AI Ecosystem,5,Decision Support,East Analysis Hub,38.1,-97.8,Medium,Active
N018,Routing Automation,Automation,Deterministic automation that executes approved routing or sequencing instructions.,automation|routing|operations,System,Operational Models and Automation,4,Traditional Automation,1,Autonomous AI Ecosystem,5,Routing,West Planning Hub,38.0,-99.0,Medium,Active
N019,Task Scheduler,Scheduler,Automation service that schedules approved tasks and execution windows.,automation|scheduling|operations,System,Operational Models and Automation,4,Traditional Automation,1,Autonomous AI Ecosystem,5,Scheduling,West Planning Hub,38.1,-98.95,Medium,Active
N020,Resource Allocation Model,Model,Operational model that allocates synthetic resources based on priorities and logistics inputs.,model|resources|logistics,System,Operational Models and Automation,4,Traditional Automation,1,Autonomous AI Ecosystem,5,Resource Allocation,South Logistics Hub,37.35,-98.1,Medium,Active
N021,Imagery Sensor,Sensor,Synthetic sensor source that produces imagery observations for collection and analysis tasks.,sensor|imagery|data-source,System,Data Sensors and Information,5,Traditional Automation,1,Autonomous AI Ecosystem,5,Sensing,North Sensor Zone,39.5,-98.5,Medium,Active
N022,Environmental Sensor,Sensor,Synthetic sensor source that produces environmental observations used by models and agents.,sensor|environment|data-source,System,Data Sensors and Information,5,Traditional Automation,1,Autonomous AI Ecosystem,5,Sensing,Northeast Sensor Zone,39.3,-97.3,Low,Active
N023,Logistics Data Feed,DataFeed,Synthetic logistics information feed containing availability and movement data.,data|logistics|feed,Data,Data Sensors and Information,5,Traditional Automation,1,Autonomous AI Ecosystem,5,Logistics Data,South Data Gateway,37.0,-98.0,Medium,Active
N024,Mission Data Repository,Repository,"Synthetic repository containing approved mission context, reference information, and prior outputs.",data|repository|mission,Data,Data Sensors and Information,5,Traditional Automation,1,Autonomous AI Ecosystem,5,Mission Data,Central Data Repository,37.9,-98.3,High,Active
N025,External Information Feed,DataFeed,Synthetic external information source used for broader context in generative and autonomous scenarios.,data|external|feed,Data,Data Sensors and Information,5,Generative AI,2,Autonomous AI Ecosystem,5,External Information,West Data Gateway,38.6,-99.5,Medium,Active
